date,symbol,ret,bench,bench_ret,excess,excess_sigma,vol_ratio,gap
2025-10-30,5802.T,0.0611,^N225,0.0004,0.0607,1.75,2.98,0.0
2025-11-04,5802.T,0.0729,^N225,-0.0174,0.0904,2.6,4.86,0.1239
2025-11-13,5802.T,0.0705,^N225,0.0043,0.0662,1.91,1.61,0.0289
2025-11-18,5802.T,-0.0906,^N225,-0.0322,-0.0584,-1.68,1.23,-0.0505
2025-11-20,5802.T,0.0751,^N225,0.0265,0.0486,1.4,1.04,0.0636
2025-11-21,5802.T,-0.108,^N225,-0.024,-0.084,-2.42,1.74,-0.0783
2025-11-25,5802.T,0.0639,^N225,0.0007,0.0632,1.82,0.98,0.0351
2025-12-22,5802.T,0.0727,^N225,0.0181,0.0546,1.57,0.87,0.0384
2026-02-03,5802.T,0.1251,^N225,0.0392,0.0858,2.47,3.35,0.0163
2026-02-09,5802.T,0.1097,^N225,0.0389,0.0708,2.04,1.88,0.1141
2026-03-02,5802.T,0.0472,^N225,-0.0135,0.0607,1.75,0.9,-0.0376
2026-03-09,5802.T,-0.078,^N225,-0.052,-0.026,-0.75,1.09,-0.0906
2026-03-10,5802.T,0.0883,^N225,0.0288,0.0595,1.71,0.88,0.1315
2026-03-11,5802.T,0.0789,^N225,0.0143,0.0646,1.86,0.86,0.0563
2026-03-17,5802.T,-0.0616,^N225,-0.0009,-0.0606,-1.74,1.18,0.0074
2026-03-23,5802.T,-0.0738,^N225,-0.0348,-0.039,-1.12,0.92,-0.0704
2026-03-25,5802.T,0.0745,^N225,0.0287,0.0459,1.32,0.61,0.0745
2026-04-01,5802.T,0.1061,^N225,0.0524,0.0537,1.54,1.1,0.0501
2026-04-08,5802.T,0.1223,^N225,0.0539,0.0684,1.97,1.15,0.0989
2026-05-07,5802.T,0.146,^N225,0.0558,0.0902,2.59,1.57,0.0818
2026-05-13,5802.T,0.0966,^N225,0.0084,0.0881,2.54,1.73,-0.0258
2026-05-15,5802.T,-0.0929,^N225,-0.0199,-0.0731,-2.1,1.38,0.0078
2026-05-22,5802.T,0.1016,^N225,0.0268,0.0748,2.15,0.81,0.069
2026-06-03,5802.T,0.073,^N225,0.025,0.048,1.38,0.88,0.1383
2026-06-10,5802.T,-0.1171,^N225,-0.0189,-0.0982,-2.83,1.25,-0.0482
2026-06-12,5802.T,0.0702,^N225,0.0281,0.0422,1.21,1.18,0.0693
2026-06-16,5802.T,0.0685,^N225,0.0013,0.0673,1.94,1.31,-0.0017
2026-06-19,5802.T,0.1053,^N225,0.0028,0.1026,2.95,1.95,0.1475
2026-07-10,5802.T,0.0754,^N225,0.012,0.0634,1.82,1.15,0.0779
2026-07-28,5802.T,-0.0711,^N225,-0.0395,-0.0316,-0.91,0.99,-0.0488
2026-08-05,5802.T,0.0972,^N225,0.0366,0.0605,1.74,1.26,0.0881
2026-08-06,5802.T,-0.0898,^N225,-0.0093,-0.0805,-2.32,1.29,-0.058
2026-08-19,5802.T,-0.0866,^N225,-0.0316,-0.055,-1.58,0.91,-0.0692
2025-10-27,5803.T,0.0798,^N225,0.0246,0.0552,1.21,1.36,0.0265
2025-11-06,5803.T,0.0974,^N225,0.0134,0.084,1.84,1.23,0.0415
2025-11-18,5803.T,-0.099,^N225,-0.0322,-0.0668,-1.46,1.09,-0.0272
2025-11-21,5803.T,-0.0828,^N225,-0.024,-0.0588,-1.29,0.86,-0.0693
2025-12-01,5803.T,-0.0894,^N225,-0.0189,-0.0705,-1.54,0.95,-0.0075
2025-12-08,5803.T,0.0699,^N225,0.0018,0.0681,1.49,0.83,0.0261
2026-01-21,5803.T,0.0622,^N225,-0.0041,0.0663,1.45,1.41,-0.0237
2026-01-28,5803.T,0.0925,^N225,0.0005,0.0921,2.02,2.14,0.0653
2026-02-03,5803.T,0.0967,^N225,0.0392,0.0575,1.26,1.47,0.0574
2026-02-24,5803.T,0.1,^N225,0.0087,0.0913,2.0,1.43,0.0218
2026-03-02,5803.T,0.062,^N225,-0.0135,0.0755,1.65,1.28,-0.0323
2026-03-04,5803.T,-0.0722,^N225,-0.0361,-0.0361,-0.79,1.26,-0.0307
2026-03-09,5803.T,-0.099,^N225,-0.052,-0.047,-1.03,1.07,-0.0996
2026-03-25,5803.T,0.0732,^N225,0.0287,0.0446,0.98,0.76,0.0508
2026-03-31,5803.T,-0.0921,^N225,-0.0158,-0.0763,-1.67,0.82,-0.0566
2026-04-01,5803.T,0.087,^N225,0.0524,0.0346,0.76,0.69,0.0685
2026-04-03,5803.T,0.0752,^N225,0.0126,0.0627,1.37,0.78,0.0319
2026-04-08,5803.T,0.1158,^N225,0.0539,0.0619,1.36,1.0,0.1064
2026-04-10,5803.T,0.1197,^N225,0.0184,0.1013,2.22,1.35,0.0294
2026-05-07,5803.T,0.1188,^N225,0.0558,0.063,1.38,0.93,0.0847
2026-05-12,5803.T,0.1159,^N225,0.0052,0.1107,2.43,1.73,0.0612
2026-05-14,5803.T,-0.191,^N225,-0.0098,-0.1812,-3.97,1.07,-0.0246
2026-05-15,5803.T,-0.0843,^N225,-0.0199,-0.0645,-1.41,2.48,0.0099
2026-05-19,5803.T,-0.1695,^N225,-0.0044,-0.1651,-3.62,2.21,-0.0094
2026-05-20,5803.T,-0.0852,^N225,-0.0123,-0.0729,-1.6,1.95,-0.0895
2026-05-22,5803.T,0.0775,^N225,0.0268,0.0507,1.11,1.62,0.0331
2026-05-25,5803.T,0.1443,^N225,0.0287,0.1156,2.53,0.89,0.1052
2026-05-29,5803.T,-0.049,^N225,0.0253,-0.0743,-1.63,0.98,0.0054
2026-06-03,5803.T,0.0934,^N225,0.025,0.0684,1.5,1.1,0.0612
2026-06-08,5803.T,-0.0729,^N225,-0.0385,-0.0344,-0.75,0.58,-0.076
2026-06-16,5803.T,0.0902,^N225,0.0013,0.0889,1.95,0.99,0.0124
2026-06-18,5803.T,-0.0567,^N225,0.0165,-0.0731,-1.6,0.79,0.0131
2026-06-19,5803.T,0.1569,^N225,0.0028,0.1541,3.38,0.05,0.1569
2026-06-22,5803.T,0.1938,^N225,0.0155,0.1783,3.9,0.05,0.1938
2026-06-23,5803.T,0.0529,^N225,-0.0355,0.0884,1.94,2.99,0.1399
2026-07-01,5803.T,-0.066,^N225,0.0059,-0.0719,-1.58,0.74,0.018
2026-07-02,5803.T,-0.0786,^N225,-0.0247,-0.0539,-1.18,0.66,-0.056
2026-07-15,5803.T,0.0719,^N225,0.0149,0.057,1.25,0.7,0.0308
2026-07-16,5803.T,-0.0746,^N225,-0.0279,-0.0468,-1.02,0.77,-0.0282
2026-07-27,5803.T,-0.0583,^N225,0.005,-0.0633,-1.39,1.02,-0.0133
2026-07-29,5803.T,-0.0768,^N225,-0.0149,-0.0619,-1.36,1.4,-0.0172
2026-07-31,5803.T,0.1215,^N225,0.0403,0.0812,1.78,1.88,0.1317
2026-08-04,5803.T,0.0788,^N225,0.0032,0.0756,1.66,1.33,0.0079
2026-08-05,5803.T,0.0962,^N225,0.0366,0.0595,1.3,1.14,0.0436
2026-08-06,5803.T,-0.094,^N225,-0.0093,-0.0847,-1.86,1.35,-0.0473
2026-08-07,5803.T,0.1282,^N225,-0.0012,0.1293,2.83,2.95,0.0117
2026-08-10,5803.T,0.0762,^N225,0.0208,0.0554,1.21,2.48,0.0048
2026-08-17,5803.T,0.0729,^N225,0.0074,0.0655,1.44,1.19,0.015
2026-08-19,5803.T,-0.0973,^N225,-0.0316,-0.0656,-1.44,1.22,-0.0678
2026-09-09,5803.T,0.0807,^N225,-0.0019,0.0826,1.81,0.94,0.0525
2025-11-06,6834.T,0.1318,^N225,0.0134,0.1185,2.12,2.04,0.0196
2025-11-07,6834.T,-0.0728,^N225,-0.0119,-0.0609,-1.09,1.75,-0.0546
2025-11-12,6834.T,0.0661,^N225,0.0043,0.0618,1.1,1.0,0.0
2025-11-14,6834.T,0.2248,^N225,-0.0177,0.2425,4.33,5.28,0.214
2025-11-18,6834.T,-0.0746,^N225,-0.0322,-0.0424,-0.76,1.16,-0.0205
2025-11-20,6834.T,0.0776,^N225,0.0265,0.0511,0.91,0.96,0.0818
2025-11-21,6834.T,-0.0889,^N225,-0.024,-0.0648,-1.16,0.84,-0.0651
2025-11-27,6834.T,0.0803,^N225,0.0123,0.068,1.22,0.77,0.0306
2025-11-28,6834.T,0.0897,^N225,0.0017,0.0879,1.57,1.13,0.0414
2025-12-02,6834.T,-0.0777,^N225,0.0,-0.0777,-1.39,1.07,-0.0203
2025-12-04,6834.T,-0.0415,^N225,0.0233,-0.0649,-1.16,0.76,-0.012
2026-01-28,6834.T,0.0764,^N225,0.0005,0.0759,1.36,2.61,0.0452
2026-02-03,6834.T,0.0983,^N225,0.0392,0.059,1.06,2.79,0.0638
2026-02-04,6834.T,0.0553,^N225,-0.0078,0.0631,1.13,1.94,0.0109
2026-02-12,6834.T,0.1122,^N225,-0.0002,0.1123,2.01,2.38,0.0223
2026-02-16,6834.T,0.1957,^N225,-0.0024,0.1981,3.54,2.2,0.1946
2026-02-18,6834.T,0.0788,^N225,0.0102,0.0686,1.23,1.37,0.0176
2026-02-27,6834.T,-0.0858,^N225,0.0016,-0.0874,-1.56,1.74,-0.0756
2026-03-02,6834.T,0.1049,^N225,-0.0135,0.1184,2.12,1.24,-0.0337
2026-03-03,6834.T,0.1481,^N225,-0.0306,0.1787,3.19,5.86,0.1046
2026-03-05,6834.T,0.1083,^N225,0.019,0.0893,1.6,2.99,0.0782
2026-03-09,6834.T,-0.1674,^N225,-0.052,-0.1154,-2.06,1.17,-0.087
2026-03-10,6834.T,0.0811,^N225,0.0288,0.0523,0.93,0.97,0.1045
2026-03-11,6834.T,0.0754,^N225,0.0143,0.0611,1.09,0.9,0.0422
2026-03-17,6834.T,-0.1014,^N225,-0.0009,-0.1004,-1.79,0.86,0.0359
2026-03-18,6834.T,0.0844,^N225,0.0287,0.0557,1.0,0.61,0.02
2026-03-23,6834.T,-0.1028,^N225,-0.0348,-0.068,-1.21,0.75,-0.0351
2026-03-24,6834.T,-0.0481,^N225,0.0143,-0.0624,-1.12,1.07,0.0494
2026-03-25,6834.T,0.1047,^N225,0.0287,0.076,1.36,0.72,0.0765
2026-04-01,6834.T,0.0934,^N225,0.0524,0.041,0.73,0.5,0.091
2026-04-08,6834.T,0.1104,^N225,0.0539,0.0565,1.01,0.9,0.0821
2026-04-10,6834.T,0.0914,^N225,0.0184,0.073,1.3,1.23,0.0286
2026-05-07,6834.T,0.1105,^N225,0.0558,0.0547,0.98,0.93,0.0466
2026-05-12,6834.T,0.0789,^N225,0.0052,0.0737,1.32,1.36,0.0564
2026-05-15,6834.T,-0.1745,^N225,-0.0199,-0.1547,-2.76,2.97,-0.0205
2026-05-19,6834.T,-0.0983,^N225,-0.0044,-0.094,-1.68,1.4,-0.0097
2026-05-22,6834.T,0.1413,^N225,0.0268,0.1145,2.05,1.18,0.0595
2026-06-03,6834.T,0.1026,^N225,0.025,0.0776,1.39,1.17,0.1157
2026-06-08,6834.T,-0.0795,^N225,-0.0385,-0.041,-0.73,0.99,-0.1225
2026-06-09,6834.T,0.0909,^N225,0.0217,0.0692,1.24,0.9,0.019
2026-06-10,6834.T,-0.1308,^N225,-0.0189,-0.1118,-2.0,0.88,-0.0523
2026-06-15,6834.T,0.071,^N225,0.0499,0.0211,0.38,0.7,0.0826
2026-06-16,6834.T,0.0628,^N225,0.0013,0.0616,1.1,0.75,0.0193
2026-06-18,6834.T,-0.0862,^N225,0.0165,-0.1027,-1.84,0.86,-0.0081
2026-06-19,6834.T,0.1795,^N225,0.0028,0.1768,3.16,2.34,0.1151
2026-07-01,6834.T,-0.062,^N225,0.0059,-0.0679,-1.21,0.98,0.0195
2026-07-02,6834.T,-0.0903,^N225,-0.0247,-0.0656,-1.17,0.82,-0.0519
2026-07-06,6834.T,-0.0678,^N225,-0.0001,-0.0677,-1.21,0.69,-0.0106
2026-07-16,6834.T,-0.0852,^N225,-0.0279,-0.0573,-1.02,0.62,-0.0352
2026-07-22,6834.T,0.063,^N225,-0.0018,0.0648,1.16,1.17,0.058
2026-07-28,6834.T,-0.0924,^N225,-0.0395,-0.0529,-0.95,0.67,-0.0368
2026-07-29,6834.T,-0.1188,^N225,-0.0149,-0.1039,-1.86,1.36,-0.0016
2026-07-31,6834.T,0.1586,^N225,0.0403,0.1183,2.11,1.66,0.1728
2026-08-04,6834.T,0.119,^N225,0.0032,0.1159,2.07,0.97,0.0212
2026-08-05,6834.T,0.1409,^N225,0.0366,0.1043,1.86,1.85,0.0946
2026-08-06,6834.T,-0.0758,^N225,-0.0093,-0.0665,-1.19,1.26,-0.0261
2026-08-12,6834.T,0.1248,^N225,0.0083,0.1166,2.08,4.28,0.0902
2026-08-17,6834.T,0.122,^N225,0.0074,0.1146,2.05,1.43,0.024
2026-08-19,6834.T,-0.0791,^N225,-0.0316,-0.0475,-0.85,1.29,-0.0579
2026-08-25,6834.T,0.0844,^N225,0.005,0.0794,1.42,0.91,-0.0093
2026-08-26,6834.T,-0.0563,^N225,0.0062,-0.0624,-1.12,1.16,-0.035
2026-08-27,6834.T,0.0896,^N225,-0.002,0.0916,1.64,1.54,0.0454
2026-08-28,6834.T,-0.058,^N225,0.0041,-0.0621,-1.11,0.5,-0.0217
2026-08-31,6834.T,0.1173,^N225,-0.0014,0.1187,2.12,0.91,-0.0548
2026-09-02,6834.T,-0.1048,^N225,-0.0285,-0.0763,-1.36,0.94,-0.0231
2026-09-03,6834.T,-0.0813,^N225,-0.0017,-0.0796,-1.42,0.89,0.0198
2026-09-04,6834.T,0.1166,^N225,0.0126,0.1041,1.86,0.82,0.0054
2026-09-08,6834.T,-0.0727,^N225,-0.017,-0.0557,-1.0,0.42,-0.0109
2026-09-09,6834.T,0.0725,^N225,-0.0019,0.0745,1.33,0.7,0.0392
2026-09-18,6834.T,0.1381,^N225,0.0138,0.1244,2.22,1.33,0.0272
2026-10-02,6834.T,0.067,^N225,-0.0094,0.0764,1.36,1.35,0.0062
2025-10-07,AAOI,-0.0727,SMH,-0.0184,-0.0542,-0.67,0.74,-0.004
2025-10-10,AAOI,-0.1613,SMH,-0.0576,-0.1037,-1.28,1.31,0.0244
2025-10-13,AAOI,0.0718,SMH,0.0443,0.0275,0.34,0.63,0.0497
2025-10-15,AAOI,0.157,SMH,0.0248,0.1321,1.62,1.07,0.0534
2025-10-22,AAOI,-0.1025,SMH,-0.0194,-0.0831,-1.02,0.9,-0.0311
2025-10-24,AAOI,0.0831,SMH,0.0184,0.0647,0.8,0.78,0.0232
2025-10-27,AAOI,0.0944,SMH,0.0251,0.0693,0.85,0.95,0.0291
2025-11-03,AAOI,-0.0709,SMH,0.0085,-0.0794,-0.98,0.86,0.0163
2025-11-04,AAOI,-0.1071,SMH,-0.0364,-0.0707,-0.87,1.5,-0.0617
2025-11-06,AAOI,-0.0765,SMH,-0.0234,-0.0531,-0.65,1.4,-0.001
2025-11-10,AAOI,-0.1103,SMH,0.0307,-0.1409,-1.73,1.72,-0.0196
2025-11-13,AAOI,-0.1266,SMH,-0.0301,-0.0964,-1.19,1.37,-0.0201
2025-11-24,AAOI,0.0918,SMH,0.0398,0.052,0.64,0.75,0.0112
2025-11-26,AAOI,0.1249,SMH,0.0226,0.1023,1.26,1.32,0.0317
2025-12-09,AAOI,0.0912,SMH,0.0012,0.09,1.11,1.21,-0.0165
2025-12-10,AAOI,0.1514,SMH,0.0138,0.1376,1.69,2.12,-0.0272
2025-12-12,AAOI,-0.1173,SMH,-0.0452,-0.0721,-0.89,1.05,-0.0255
2025-12-15,AAOI,-0.0674,SMH,-0.0034,-0.0639,-0.79,0.87,0.0505
2025-12-18,AAOI,0.0777,SMH,0.0236,0.0541,0.67,0.92,0.0391
2025-12-19,AAOI,0.0708,SMH,0.0259,0.0449,0.55,1.02,0.0173
2025-12-22,AAOI,0.2482,SMH,0.0129,0.2354,2.89,1.98,0.031
2025-12-26,AAOI,-0.0934,SMH,0.0046,-0.0981,-1.21,0.71,0.0
2026-01-02,AAOI,0.136,SMH,0.0366,0.0994,1.22,0.95,0.0426
2026-01-05,AAOI,-0.1164,SMH,0.0115,-0.1279,-1.57,1.27,0.0367
2026-01-06,AAOI,0.1035,SMH,0.0266,0.0769,0.95,0.94,0.0006
2026-01-08,AAOI,-0.1326,SMH,-0.0157,-0.1169,-1.44,1.57,-0.0038
2026-01-15,AAOI,0.0734,SMH,0.0208,0.0526,0.65,1.2,0.0242
2026-01-20,AAOI,0.0599,SMH,-0.025,0.0849,1.04,0.84,-0.0402
2026-01-27,AAOI,0.0717,SMH,0.0211,0.0505,0.62,0.74,0.0315
2026-01-28,AAOI,0.2097,SMH,0.023,0.1866,2.3,2.81,0.0128
2026-01-29,AAOI,-0.1251,SMH,0.0021,-0.1273,-1.57,1.87,-0.0509
2026-01-30,AAOI,0.1021,SMH,-0.0337,0.1358,1.67,2.46,0.0379
2026-02-03,AAOI,0.0444,SMH,-0.0252,0.0696,0.86,1.02,0.0462
2026-02-04,AAOI,-0.1349,SMH,-0.0394,-0.0955,-1.17,1.31,0.0191
2026-02-06,AAOI,0.1618,SMH,0.054,0.1078,1.33,0.96,0.053
2026-02-09,AAOI,0.0815,SMH,0.0124,0.069,0.85,1.09,-0.0148
2026-02-12,AAOI,-0.0911,SMH,-0.0209,-0.0702,-0.86,0.76,0.0095
2026-02-19,AAOI,0.0815,SMH,-0.0057,0.0872,1.07,0.6,-0.0044
2026-02-20,AAOI,0.1,SMH,0.0118,0.0883,1.09,1.5,-0.0209
2026-02-26,AAOI,-0.0762,SMH,-0.0332,-0.043,-0.53,0.96,0.0033
2026-02-27,AAOI,0.5688,SMH,-0.0137,0.5825,7.16,4.59,0.228
2026-03-02,AAOI,0.217,SMH,0.0,0.217,2.67,4.35,0.2769
2026-03-09,AAOI,0.1574,SMH,0.0363,0.1211,1.49,1.66,-0.0042
2026-03-10,AAOI,0.0892,SMH,0.0075,0.0817,1.0,1.55,0.0134
2026-03-12,AAOI,-0.1639,SMH,-0.0322,-0.1318,-1.62,1.63,-0.0904
2026-03-13,AAOI,-0.0883,SMH,-0.0021,-0.0863,-1.06,1.49,-0.0171
2026-03-17,AAOI,-0.0823,SMH,0.0075,-0.0898,-1.1,1.51,-0.0425
2026-03-18,AAOI,0.073,SMH,-0.0081,0.0811,1.0,1.32,0.1044
2026-03-19,AAOI,0.1003,SMH,0.0032,0.0971,1.19,0.92,-0.0378
2026-03-20,AAOI,-0.1411,SMH,-0.0258,-0.1153,-1.42,0.96,0.0006
2026-03-23,AAOI,0.0939,SMH,0.0172,0.0767,0.94,0.83,0.0281
2026-03-24,AAOI,0.1894,SMH,0.0083,0.1812,2.23,1.28,0.0097
2026-03-26,AAOI,-0.1485,SMH,-0.0456,-0.1029,-1.27,0.68,-0.0298
2026-03-30,AAOI,-0.1326,SMH,-0.0313,-0.1013,-1.25,1.0,0.0156
2026-03-31,AAOI,-0.007,SMH,0.0576,-0.0646,-0.79,1.02,0.0175
2026-04-02,AAOI,0.2034,SMH,0.0009,0.2025,2.49,1.57,-0.055
2026-04-07,AAOI,0.0948,SMH,0.0099,0.0849,1.04,0.92,0.0128
2026-04-08,AAOI,0.128,SMH,0.0576,0.0705,0.87,1.13,0.0636
2026-04-10,AAOI,0.1298,SMH,0.0153,0.1145,1.41,1.6,0.0483
2026-04-14,AAOI,-0.0444,SMH,0.0195,-0.0639,-0.79,0.78,0.0086
2026-04-16,AAOI,0.1036,SMH,0.004,0.0996,1.23,0.79,-0.0179
2026-04-21,AAOI,-0.0789,SMH,0.0015,-0.0804,-0.99,0.8,0.0062
2026-04-23,AAOI,-0.0782,SMH,0.0105,-0.0888,-1.09,0.65,-0.0109
2026-04-24,AAOI,0.1774,SMH,0.051,0.1264,1.55,1.13,0.0311
2026-04-27,AAOI,-0.1011,SMH,-0.0004,-0.1007,-1.24,0.76,-0.0559
2026-04-29,AAOI,0.1134,SMH,0.017,0.0964,1.19,0.78,0.0471
2026-04-30,AAOI,0.0754,SMH,0.0143,0.0612,0.75,0.73,0.0276
2026-05-01,AAOI,0.1165,SMH,0.0061,0.1104,1.36,1.11,-0.0103
2026-05-06,AAOI,-0.0112,SMH,0.0518,-0.063,-0.78,0.83,0.0354
2026-05-07,AAOI,-0.1176,SMH,-0.0176,-0.1,-1.23,1.35,-0.0333
2026-05-08,AAOI,-0.0546,SMH,0.049,-0.1036,-1.27,1.96,0.1034
2026-05-11,AAOI,0.2414,SMH,0.0172,0.2242,2.76,1.58,0.0223
2026-05-13,AAOI,0.1849,SMH,0.02,0.165,2.03,1.66,0.0888
2026-05-14,AAOI,-0.0875,SMH,0.0103,-0.0978,-1.2,1.05,-0.0301
2026-05-18,AAOI,-0.0898,SMH,-0.0183,-0.0715,-0.88,1.14,0.0213
2026-05-20,AAOI,-0.0354,SMH,0.0381,-0.0735,-0.9,0.83,0.0331
2026-05-21,AAOI,0.0699,SMH,0.0057,0.0642,0.79,0.83,0.0106
2026-05-26,AAOI,-0.0213,SMH,0.0448,-0.0661,-0.81,0.96,0.0288
2026-05-28,AAOI,-0.0601,SMH,0.0073,-0.0674,-0.83,0.83,0.0065
2026-05-29,AAOI,-0.0628,SMH,-0.0015,-0.0613,-0.75,0.99,-0.0028
2026-06-01,AAOI,0.1721,SMH,0.0148,0.1573,1.93,1.32,-0.0578
2026-06-02,AAOI,0.0899,SMH,0.0401,0.0498,0.61,1.03,0.0511
2026-06-03,AAOI,-0.0904,SMH,0.009,-0.0994,-1.22,0.8,-0.0092
2026-06-04,AAOI,0.1022,SMH,-0.0163,0.1185,1.46,1.16,-0.0576
2026-06-05,AAOI,-0.1276,SMH,-0.0922,-0.0354,-0.44,1.55,-0.0565
2026-06-08,AAOI,0.111,SMH,0.05,0.061,0.75,1.14,0.0438
2026-06-09,AAOI,-0.1717,SMH,-0.012,-0.1597,-1.96,2.11,0.0314
2026-06-10,AAOI,0.0752,SMH,-0.034,0.1092,1.34,1.28,0.0547
2026-06-11,AAOI,-0.0134,SMH,0.0675,-0.0809,-1.0,1.08,-0.0433
2026-06-15,AAOI,0.1331,SMH,0.0438,0.0893,1.1,1.11,0.0486
2026-06-16,AAOI,-0.1083,SMH,-0.0481,-0.0602,-0.74,0.97,0.0139
2026-06-18,AAOI,-0.0328,SMH,0.0576,-0.0904,-1.11,1.24,0.0437
2026-06-23,AAOI,-0.1389,SMH,-0.0701,-0.0689,-0.85,0.96,-0.0773
2026-06-25,AAOI,-0.0574,SMH,0.029,-0.0864,-1.06,0.94,0.0287
2026-06-29,AAOI,0.1062,SMH,0.0333,0.0729,0.9,0.69,-0.0019
2026-07-02,AAOI,-0.1299,SMH,-0.0454,-0.0845,-1.04,1.14,-0.0227
2026-07-07,AAOI,-0.0726,SMH,-0.0378,-0.0347,-0.43,0.66,-0.0422
2026-07-14,AAOI,0.1213,SMH,0.0251,0.0962,1.18,0.88,0.0674
2026-07-15,AAOI,-0.1304,SMH,-0.0159,-0.1145,-1.41,0.93,-0.0133
2026-07-16,AAOI,-0.0811,SMH,-0.037,-0.0441,-0.54,0.91,-0.0375
2026-07-21,AAOI,0.1576,SMH,0.0452,0.1125,1.38,1.01,0.0458
2026-07-22,AAOI,-0.0733,SMH,0.0048,-0.0781,-0.96,0.81,-0.0358
2026-07-24,AAOI,-0.106,SMH,-0.0327,-0.0732,-0.9,0.75,-0.0272
2026-07-28,AAOI,-0.099,SMH,-0.0345,-0.0644,-0.79,1.28,-0.0498
2026-07-29,AAOI,-0.1318,SMH,-0.0479,-0.0839,-1.03,1.43,0.0006
2026-07-30,AAOI,0.1776,SMH,0.0688,0.1088,1.34,1.25,0.0893
2026-08-03,AAOI,0.1685,SMH,0.0091,0.1593,1.96,1.39,-0.0479
2026-08-04,AAOI,0.1944,SMH,0.0555,0.1389,1.71,2.37,0.1666
2026-08-07,AAOI,0.0919,SMH,0.0196,0.0722,0.89,2.39,0.147
2026-08-13,AAOI,-0.0579,SMH,0.0073,-0.0653,-0.8,0.92,-0.0162
2026-08-14,AAOI,0.1553,SMH,-0.0022,0.1575,1.94,1.61,0.0024
2026-08-18,AAOI,-0.1516,SMH,-0.0409,-0.1107,-1.36,1.17,-0.0561
2026-08-19,AAOI,-0.0702,SMH,-0.0155,-0.0546,-0.67,0.97,0.0338
2026-08-24,AAOI,-0.1377,SMH,-0.0243,-0.1134,-1.39,1.13,-0.1257
2026-09-14,AAOI,-0.0911,SMH,-0.0475,-0.0436,-0.54,0.99,-0.0815
2026-09-18,AAOI,0.0725,SMH,0.0221,0.0504,0.62,1.41,0.0307
2026-10-01,AAOI,0.0812,SMH,0.0145,0.0667,0.82,1.64,0.0041
2026-10-02,AAOI,0.0771,SMH,0.0207,0.0564,0.69,1.52,0.0273
2025-10-10,COHR,-0.0919,SMH,-0.0576,-0.0344,-0.83,1.14,-0.0029
2025-11-06,COHR,0.1832,SMH,-0.0234,0.2066,4.98,2.86,0.1416
2025-11-10,COHR,0.079,SMH,0.0307,0.0484,1.17,1.58,0.0291
2025-11-13,COHR,-0.1066,SMH,-0.0301,-0.0765,-1.84,1.55,-0.0284
2025-11-24,COHR,0.0882,SMH,0.0398,0.0483,1.16,1.07,0.0401
2025-12-12,COHR,-0.1016,SMH,-0.0452,-0.0563,-1.36,1.52,-0.0176
2026-01-08,COHR,-0.0964,SMH,-0.0157,-0.0807,-1.94,1.61,-0.0076
2026-01-27,COHR,0.0821,SMH,0.0211,0.061,1.47,1.05,0.0183
2026-02-04,COHR,-0.0793,SMH,-0.0394,-0.0399,-0.96,2.8,0.0151
2026-02-06,COHR,0.0881,SMH,0.054,0.0341,0.82,1.16,0.0348
2026-03-02,COHR,0.1544,SMH,0.0,0.1544,3.72,1.47,0.0618
2026-03-05,COHR,-0.0764,SMH,-0.0094,-0.067,-1.61,1.18,-0.0442
2026-03-06,COHR,-0.0715,SMH,-0.0374,-0.0341,-0.82,1.11,-0.0568
2026-03-09,COHR,0.0704,SMH,0.0363,0.0341,0.82,1.51,0.0028
2026-03-19,COHR,0.0714,SMH,0.0032,0.0682,1.64,1.22,-0.0436
2026-03-20,COHR,-0.0796,SMH,-0.0258,-0.0538,-1.3,6.45,0.018
2026-03-26,COHR,-0.1057,SMH,-0.0456,-0.0601,-1.45,0.6,-0.0401
2026-03-30,COHR,-0.0979,SMH,-0.0313,-0.0666,-1.6,0.82,0.0168
2026-03-31,COHR,0.0845,SMH,0.0576,0.0269,0.65,0.62,0.0202
2026-04-08,COHR,0.1046,SMH,0.0576,0.0471,1.13,0.81,0.087
2026-04-10,COHR,0.0821,SMH,0.0153,0.0668,1.61,0.9,0.0415
2026-04-16,COHR,0.0642,SMH,0.004,0.0603,1.45,0.77,0.0221
2026-05-07,COHR,-0.0739,SMH,-0.0176,-0.0564,-1.36,2.14,-0.0459
2026-05-11,COHR,0.1325,SMH,0.0172,0.1153,2.78,1.58,0.0291
2026-05-13,COHR,0.0794,SMH,0.02,0.0594,1.43,1.03,0.0737
2026-06-02,COHR,0.1763,SMH,0.0401,0.1362,3.28,1.39,0.0522
2026-06-05,COHR,-0.1064,SMH,-0.0922,-0.0143,-0.34,0.99,-0.0394
2026-06-09,COHR,-0.1144,SMH,-0.012,-0.1025,-2.47,1.35,0.0128
2026-06-15,COHR,0.0748,SMH,0.0438,0.031,0.75,0.86,0.0476
2026-06-16,COHR,-0.075,SMH,-0.0481,-0.0269,-0.65,0.95,0.0239
2026-06-22,COHR,0.0922,SMH,0.0137,0.0785,1.89,1.54,0.014
2026-06-23,COHR,-0.104,SMH,-0.0701,-0.034,-0.82,0.96,-0.0865
2026-07-02,COHR,-0.0957,SMH,-0.0454,-0.0503,-1.21,1.15,-0.0287
2026-07-16,COHR,-0.0749,SMH,-0.037,-0.0379,-0.91,0.94,-0.0444
2026-07-21,COHR,0.1115,SMH,0.0452,0.0663,1.6,0.89,0.0766
2026-07-24,COHR,-0.0984,SMH,-0.0327,-0.0657,-1.58,0.82,-0.0231
2026-07-28,COHR,-0.1031,SMH,-0.0345,-0.0686,-1.65,1.88,-0.0517
2026-07-29,COHR,-0.0875,SMH,-0.0479,-0.0395,-0.95,1.54,0.0025
2026-07-30,COHR,0.1216,SMH,0.0688,0.0529,1.27,1.38,0.0961
2026-08-03,COHR,0.096,SMH,0.0091,0.0869,2.09,1.2,-0.0305
2026-08-04,COHR,0.1235,SMH,0.0555,0.0681,1.64,1.89,0.1309
2026-08-07,COHR,0.1344,SMH,0.0196,0.1147,2.76,2.21,0.0772
2026-08-10,COHR,-0.1424,SMH,-0.0228,-0.1196,-2.88,1.8,0.0107
2026-08-12,COHR,0.0824,SMH,0.0208,0.0616,1.48,2.09,0.09
2026-08-13,COHR,-0.0799,SMH,0.0073,-0.0872,-2.1,2.07,-0.0303
2026-08-17,COHR,0.0779,SMH,0.0106,0.0673,1.62,1.25,0.0236
2026-08-18,COHR,-0.1275,SMH,-0.0409,-0.0866,-2.09,1.35,-0.0758
2026-09-08,COHR,0.071,SMH,0.0119,0.0592,1.43,1.26,-0.0029
2026-09-14,COHR,-0.1273,SMH,-0.0475,-0.0797,-1.92,1.61,-0.0708
2026-09-16,COHR,0.0692,SMH,0.0064,0.0628,1.51,1.25,0.0346
2026-09-18,COHR,0.0722,SMH,0.0221,0.0501,1.21,1.73,0.0329
2026-10-01,COHR,0.109,SMH,0.0145,0.0946,2.28,1.8,0.0076
2025-11-04,FN,0.0375,SMH,-0.0364,0.0739,2.06,2.43,0.0384
2025-11-13,FN,-0.1006,SMH,-0.0301,-0.0705,-1.96,1.36,-0.0166
2025-11-20,FN,-0.0707,SMH,-0.0422,-0.0285,-0.79,1.31,0.0462
2025-12-04,FN,0.0547,SMH,-0.0076,0.0623,1.73,0.73,-0.0049
2025-12-12,FN,-0.1084,SMH,-0.0452,-0.0632,-1.76,1.21,-0.0156
2026-02-03,FN,-0.1022,SMH,-0.0252,-0.077,-2.14,3.19,-0.0953
2026-02-06,FN,0.1384,SMH,0.054,0.0844,2.35,1.25,0.0391
2026-02-10,FN,-0.0709,SMH,-0.0046,-0.0663,-1.84,0.58,-0.008
2026-02-13,FN,0.0725,SMH,0.004,0.0685,1.91,0.74,0.0215
2026-02-23,FN,0.056,SMH,-0.0052,0.0612,1.7,1.01,-0.0112
2026-02-26,FN,-0.0869,SMH,-0.0332,-0.0537,-1.49,1.39,-0.0018
2026-03-02,FN,0.0655,SMH,0.0,0.0655,1.82,1.43,-0.0094
2026-03-06,FN,-0.1011,SMH,-0.0374,-0.0637,-1.77,0.88,-0.043
2026-03-09,FN,0.078,SMH,0.0363,0.0417,1.16,0.89,-0.0187
2026-03-19,FN,0.0806,SMH,0.0032,0.0774,2.15,0.91,-0.025
2026-03-23,FN,0.0794,SMH,0.0172,0.0622,1.73,1.18,0.0246
2026-03-24,FN,0.0996,SMH,0.0083,0.0914,2.54,1.74,-0.0109
2026-03-26,FN,-0.1018,SMH,-0.0456,-0.0563,-1.57,0.85,-0.0322
2026-03-30,FN,-0.1089,SMH,-0.0313,-0.0775,-2.16,1.18,0.0125
2026-04-08,FN,0.0941,SMH,0.0576,0.0365,1.02,1.46,0.0749
2026-04-10,FN,0.071,SMH,0.0153,0.0557,1.55,1.56,0.0238
2026-05-05,FN,-0.0801,SMH,0.0314,-0.1115,-3.1,2.68,-0.1042
2026-05-07,FN,-0.078,SMH,-0.0176,-0.0604,-1.68,1.83,-0.0046
2026-05-13,FN,0.0971,SMH,0.02,0.0771,2.14,1.33,0.0279
2026-05-14,FN,0.0724,SMH,0.0103,0.0621,1.73,1.02,0.0162
2026-05-20,FN,-0.0229,SMH,0.0381,-0.061,-1.7,0.95,0.0172
2026-05-26,FN,-0.0328,SMH,0.0448,-0.0776,-2.16,0.8,0.0229
2026-06-01,FN,-0.0486,SMH,0.0148,-0.0634,-1.76,1.01,-0.0401
2026-06-02,FN,0.1265,SMH,0.0401,0.0864,2.4,1.01,0.0207
2026-06-05,FN,-0.1309,SMH,-0.0922,-0.0387,-1.08,0.92,-0.0347
2026-06-11,FN,0.0034,SMH,0.0675,-0.0641,-1.78,0.55,0.0235
2026-06-16,FN,-0.0748,SMH,-0.0481,-0.0268,-0.74,0.74,0.0066
2026-06-18,FN,-0.0182,SMH,0.0576,-0.0757,-2.11,1.47,0.0267
2026-06-22,FN,0.0755,SMH,0.0137,0.0618,1.72,0.85,0.0069
2026-06-26,FN,-0.0757,SMH,-0.0397,-0.0361,-1.0,7.11,-0.0299
2026-07-02,FN,-0.0869,SMH,-0.0454,-0.0415,-1.16,0.59,-0.0077
2026-07-17,FN,0.0395,SMH,-0.0218,0.0613,1.71,0.94,-0.0202
2026-07-24,FN,-0.0805,SMH,-0.0327,-0.0478,-1.33,0.53,-0.0133
2026-07-29,FN,-0.0783,SMH,-0.0479,-0.0304,-0.85,1.04,-0.0079
2026-08-04,FN,0.1647,SMH,0.0555,0.1092,3.04,1.84,0.1515
2026-08-12,FN,0.0875,SMH,0.0208,0.0667,1.86,0.99,0.0828
2026-08-18,FN,-0.1938,SMH,-0.0409,-0.1529,-4.25,4.02,-0.1418
2026-09-14,FN,-0.0773,SMH,-0.0475,-0.0297,-0.83,0.87,-0.059
2025-11-13,GLW,-0.0747,SMH,-0.0301,-0.0446,-1.37,1.58,-0.0069
2025-12-12,GLW,-0.0797,SMH,-0.0452,-0.0345,-1.06,1.4,-0.0054
2026-01-27,GLW,0.1558,SMH,0.0211,0.1346,4.13,5.24,0.075
2026-01-28,GLW,-0.0498,SMH,0.023,-0.0728,-2.23,3.08,-0.0169
2026-02-06,GLW,0.0831,SMH,0.054,0.0291,0.89,1.37,0.0187
2026-02-09,GLW,0.0756,SMH,0.0124,0.0631,1.94,1.7,0.0151
2026-02-20,GLW,0.0732,SMH,0.0118,0.0615,1.88,0.94,-0.0004
2026-03-05,GLW,-0.0697,SMH,-0.0094,-0.0603,-1.85,1.39,-0.0599
2026-03-06,GLW,-0.085,SMH,-0.0374,-0.0476,-1.46,1.42,-0.0393
2026-03-24,GLW,0.0843,SMH,0.0083,0.076,2.33,1.49,0.0054
2026-03-26,GLW,-0.0754,SMH,-0.0456,-0.0298,-0.91,0.79,-0.027
2026-04-08,GLW,0.1116,SMH,0.0576,0.0541,1.66,1.25,0.0568
2026-04-28,GLW,-0.089,SMH,-0.0297,-0.0593,-1.82,1.99,-0.1007
2026-04-30,GLW,0.0812,SMH,0.0143,0.0669,2.05,1.2,0.0258
2026-05-06,GLW,0.1201,SMH,0.0518,0.0683,2.1,3.13,0.1683
2026-05-11,GLW,0.1094,SMH,0.0172,0.0921,2.83,1.81,0.0378
2026-05-15,GLW,-0.0791,SMH,-0.038,-0.041,-1.26,1.22,-0.0488
2026-06-02,GLW,0.1341,SMH,0.0401,0.094,2.88,1.18,0.0555
2026-06-05,GLW,-0.1018,SMH,-0.0922,-0.0096,-0.29,1.06,-0.0421
2026-06-09,GLW,-0.0725,SMH,-0.012,-0.0606,-1.86,1.18,0.0153
2026-06-18,GLW,0.1113,SMH,0.0576,0.0537,1.65,1.86,0.0395
2026-06-22,GLW,0.0765,SMH,0.0137,0.0628,1.93,1.46,0.0285
2026-06-23,GLW,-0.0751,SMH,-0.0701,-0.0051,-0.15,1.39,-0.0828
2026-06-24,GLW,0.0606,SMH,-0.005,0.0656,2.01,1.44,0.0018
2026-06-25,GLW,0.1078,SMH,0.029,0.0787,2.41,1.85,0.0618
2026-06-29,GLW,0.1567,SMH,0.0333,0.1234,3.78,1.49,0.0265
2026-07-01,GLW,-0.1362,SMH,-0.054,-0.0822,-2.52,1.29,-0.0624
2026-07-02,GLW,-0.1081,SMH,-0.0454,-0.0627,-1.92,1.21,0.0148
2026-07-15,GLW,-0.0705,SMH,-0.0159,-0.0546,-1.67,0.79,-0.0055
2026-07-16,GLW,-0.0919,SMH,-0.037,-0.0549,-1.68,1.04,-0.0449
2026-07-28,GLW,-0.121,SMH,-0.0345,-0.0865,-2.65,3.56,-0.1507
2026-07-30,GLW,0.09,SMH,0.0688,0.0213,0.65,1.34,0.0514
2026-08-04,GLW,0.0904,SMH,0.0555,0.0349,1.07,1.41,0.057
2026-08-13,GLW,-0.0532,SMH,0.0073,-0.0605,-1.85,0.6,-0.0086
2026-08-18,GLW,-0.0768,SMH,-0.0409,-0.0359,-1.1,0.81,-0.0667
2026-09-08,GLW,0.0756,SMH,0.0119,0.0637,1.95,1.59,0.032
2026-09-14,GLW,-0.137,SMH,-0.0475,-0.0895,-2.74,2.04,-0.0947
2025-10-13,LITE,0.0732,SMH,0.0443,0.0289,0.56,1.08,0.0581
2025-10-27,LITE,0.0809,SMH,0.0251,0.0558,1.08,2.07,0.0799
2025-10-29,LITE,0.0801,SMH,0.0151,0.0649,1.25,2.13,0.0136
2025-11-05,LITE,0.2357,SMH,0.0191,0.2166,4.18,3.32,0.16
2025-11-10,LITE,0.0824,SMH,0.0307,0.0517,1.0,1.71,0.0694
2025-11-13,LITE,-0.1062,SMH,-0.0301,-0.0761,-1.47,1.19,-0.0226
2025-11-19,LITE,0.0869,SMH,0.0185,0.0684,1.32,1.28,0.0466
2025-11-20,LITE,-0.1327,SMH,-0.0422,-0.0904,-1.74,1.46,0.0412
2025-11-21,LITE,0.0958,SMH,0.0032,0.0927,1.79,1.39,0.0697
2025-11-24,LITE,0.1713,SMH,0.0398,0.1314,2.53,1.33,0.0454
2025-12-02,LITE,-0.0476,SMH,0.0183,-0.0659,-1.27,0.99,0.009
2025-12-04,LITE,0.0821,SMH,-0.0076,0.0897,1.73,0.77,0.0216
2025-12-12,LITE,-0.1283,SMH,-0.0452,-0.0831,-1.6,1.37,-0.0256
2025-12-19,LITE,0.1017,SMH,0.0259,0.0759,1.46,0.89,0.0058
2026-01-05,LITE,-0.0753,SMH,0.0115,-0.0868,-1.67,1.65,0.0058
2026-01-06,LITE,0.1131,SMH,0.0266,0.0865,1.67,1.57,-0.0039
2026-01-08,LITE,-0.1136,SMH,-0.0157,-0.0979,-1.89,1.37,0.0036
2026-01-13,LITE,0.0631,SMH,0.0022,0.0609,1.17,0.97,-0.0086
2026-01-14,LITE,-0.0822,SMH,-0.0081,-0.0741,-1.43,0.97,-0.0199
2026-01-16,LITE,-0.0554,SMH,0.01,-0.0654,-1.26,1.03,0.0155
2026-01-20,LITE,0.1005,SMH,-0.025,0.1255,2.42,1.45,-0.0013
2026-01-27,LITE,0.1149,SMH,0.0211,0.0938,1.81,0.91,0.0283
2026-01-30,LITE,0.0273,SMH,-0.0337,0.0609,1.17,1.67,0.065
2026-02-02,LITE,0.0806,SMH,0.0112,0.0694,1.34,1.28,0.0348
2026-02-04,LITE,0.07,SMH,-0.0394,0.1093,2.11,2.53,0.0874
2026-02-05,LITE,0.0835,SMH,-0.0025,0.086,1.66,1.69,-0.063
2026-02-06,LITE,0.0943,SMH,0.054,0.0403,0.78,1.26,0.0705
2026-02-17,LITE,0.067,SMH,-0.0005,0.0675,1.3,1.03,-0.044
2026-02-19,LITE,0.0696,SMH,-0.0057,0.0753,1.45,0.77,-0.0029
2026-03-02,LITE,0.1175,SMH,0.0,0.1174,2.26,1.18,0.0599
2026-03-03,LITE,-0.1134,SMH,-0.0377,-0.0757,-1.46,1.23,-0.0718
2026-03-06,LITE,-0.1419,SMH,-0.0374,-0.1045,-2.02,1.55,-0.062
2026-03-09,LITE,0.1473,SMH,0.0363,0.111,2.14,1.39,0.035
2026-03-12,LITE,-0.0832,SMH,-0.0322,-0.051,-0.98,0.86,-0.0423
2026-03-18,LITE,0.0789,SMH,-0.0081,0.087,1.68,1.63,0.0917
2026-03-19,LITE,0.1018,SMH,0.0032,0.0986,1.9,1.21,-0.0311
2026-03-20,LITE,-0.0852,SMH,-0.0258,-0.0594,-1.15,3.57,0.0173
2026-03-24,LITE,0.1002,SMH,0.0083,0.0919,1.77,0.94,-0.0001
2026-03-26,LITE,-0.1137,SMH,-0.0456,-0.0681,-1.31,0.82,-0.0416
2026-03-31,LITE,0.0733,SMH,0.0576,0.0157,0.3,0.81,0.037
2026-04-01,LITE,0.0881,SMH,0.0224,0.0657,1.27,0.92,0.0457
2026-04-02,LITE,0.0814,SMH,0.0009,0.0805,1.55,1.06,-0.0733
2026-04-06,LITE,-0.066,SMH,0.0093,-0.0754,-1.45,0.78,0.0019
2026-04-08,LITE,0.0984,SMH,0.0576,0.0408,0.79,0.97,0.0756
2026-04-16,LITE,0.0816,SMH,0.004,0.0776,1.5,0.82,0.0012
2026-04-21,LITE,-0.065,SMH,0.0015,-0.0665,-1.28,0.93,0.0055
2026-04-28,LITE,-0.0795,SMH,-0.0297,-0.0497,-0.96,0.95,-0.0534
2026-04-29,LITE,0.0846,SMH,0.017,0.0676,1.3,1.08,0.0376
2026-05-06,LITE,-0.0506,SMH,0.0518,-0.1023,-1.97,1.78,0.0014
2026-05-11,LITE,0.1652,SMH,0.0172,0.1479,2.85,1.68,0.0508
2026-05-18,LITE,-0.0883,SMH,-0.0183,-0.07,-1.35,1.19,-0.0179
2026-05-20,LITE,-0.0247,SMH,0.0381,-0.0628,-1.21,0.84,0.0302
2026-05-21,LITE,0.1111,SMH,0.0057,0.1054,2.03,0.93,0.002
2026-05-26,LITE,-0.0381,SMH,0.0448,-0.0829,-1.6,0.83,0.017
2026-06-02,LITE,0.1372,SMH,0.0401,0.097,1.87,1.28,0.0333
2026-06-03,LITE,-0.0886,SMH,0.009,-0.0976,-1.88,0.95,-0.0001
2026-06-05,LITE,-0.0862,SMH,-0.0922,0.006,0.12,1.2,-0.0343
2026-06-09,LITE,-0.0822,SMH,-0.012,-0.0703,-1.36,1.28,0.0142
2026-06-10,LITE,0.0383,SMH,-0.034,0.0723,1.39,0.95,0.0145
2026-06-16,LITE,-0.0855,SMH,-0.0481,-0.0375,-0.72,1.03,0.0013
2026-06-18,LITE,-0.023,SMH,0.0576,-0.0805,-1.55,1.44,0.0138
2026-06-23,LITE,-0.0738,SMH,-0.0701,-0.0038,-0.07,0.8,-0.0691
2026-07-02,LITE,-0.0909,SMH,-0.0454,-0.0455,-0.88,0.89,-0.0294
2026-07-09,LITE,0.1113,SMH,0.0248,0.0864,1.67,1.03,0.068
2026-07-15,LITE,-0.0771,SMH,-0.0159,-0.0612,-1.18,0.83,-0.001
2026-07-21,LITE,0.0941,SMH,0.0452,0.0489,0.94,0.87,0.06
2026-07-24,LITE,-0.0847,SMH,-0.0327,-0.052,-1.0,0.81,-0.0278
2026-07-28,LITE,-0.0843,SMH,-0.0345,-0.0498,-0.96,1.35,-0.0483
2026-07-29,LITE,-0.0761,SMH,-0.0479,-0.0281,-0.54,1.53,0.005
2026-07-30,LITE,0.1509,SMH,0.0688,0.0821,1.58,1.31,0.0989
2026-08-03,LITE,0.0924,SMH,0.0091,0.0833,1.61,0.97,-0.0396
2026-08-04,LITE,0.0892,SMH,0.0555,0.0338,0.65,1.53,0.0929
2026-08-10,LITE,-0.0861,SMH,-0.0228,-0.0633,-1.22,1.35,0.0459
2026-08-12,LITE,0.1363,SMH,0.0208,0.1156,2.23,2.45,0.0956
2026-08-13,LITE,-0.0558,SMH,0.0073,-0.0632,-1.22,0.9,-0.0052
2026-08-18,LITE,-0.0987,SMH,-0.0409,-0.0578,-1.11,1.15,-0.0615
2026-08-26,LITE,0.0604,SMH,-0.0001,0.0605,1.17,0.86,-0.0063
2026-09-08,LITE,0.1104,SMH,0.0119,0.0985,1.9,1.6,0.0185
2026-09-14,LITE,-0.0992,SMH,-0.0475,-0.0517,-1.0,1.18,-0.0714
2026-09-16,LITE,0.0959,SMH,0.0064,0.0895,1.73,1.59,0.0203
2026-10-01,LITE,0.0767,SMH,0.0145,0.0623,1.2,1.65,0.009
