,5803.T,6834.T,5802.T,LITE,COHR,AAOI,GLW,FN,SMH,^SOX,NVDA,^GSPC,^N225,JPY=X
5803.T,1.000,0.605,0.702,0.118,0.260,0.158,0.189,0.129,0.148,0.152,0.151,0.052,0.606,-0.033
6834.T,0.605,1.000,0.659,0.049,0.213,0.081,0.117,0.105,0.153,0.151,0.206,0.046,0.514,-0.067
5802.T,0.702,0.659,1.000,0.099,0.226,0.161,0.194,0.108,0.188,0.185,0.193,0.083,0.687,0.031
LITE,0.118,0.049,0.099,1.000,0.792,0.653,0.669,0.687,0.579,0.613,0.376,0.379,0.111,-0.091
COHR,0.260,0.213,0.226,0.792,1.000,0.656,0.776,0.758,0.695,0.732,0.465,0.483,0.234,-0.025
AAOI,0.158,0.081,0.161,0.653,0.656,1.000,0.544,0.572,0.509,0.531,0.324,0.381,0.137,-0.062
GLW,0.189,0.117,0.194,0.669,0.776,0.544,1.000,0.689,0.728,0.752,0.404,0.501,0.254,-0.034
FN,0.129,0.105,0.108,0.687,0.758,0.572,0.689,1.000,0.664,0.683,0.456,0.494,0.113,-0.038
SMH,0.148,0.153,0.188,0.579,0.695,0.509,0.728,0.664,1.000,0.991,0.687,0.772,0.265,-0.051
^SOX,0.152,0.151,0.185,0.613,0.732,0.531,0.752,0.683,0.991,1.000,0.626,0.740,0.272,-0.045
NVDA,0.151,0.206,0.193,0.376,0.465,0.324,0.404,0.456,0.687,0.626,1.000,0.653,0.189,-0.058
^GSPC,0.052,0.046,0.083,0.379,0.483,0.381,0.501,0.494,0.772,0.740,0.653,1.000,0.157,-0.031
^N225,0.606,0.514,0.687,0.111,0.234,0.137,0.254,0.113,0.265,0.272,0.189,0.157,1.000,-0.139
JPY=X,-0.033,-0.067,0.031,-0.091,-0.025,-0.062,-0.034,-0.038,-0.051,-0.045,-0.058,-0.031,-0.139,1.000
