symbol,date,bench,ret1,exc1,ret2,exc2,note
GLW,2025-10-28,SMH,-0.0329,-0.0417,0.0103,-0.0138,上限
GLW,2026-01-28,SMH,-0.0498,-0.0728,-0.0614,-0.0866,上限
GLW,2026-04-28,SMH,-0.089,-0.0593,-0.0959,-0.0827,上限超え
GLW,2026-07-28,SMH,-0.121,-0.0865,-0.1347,-0.0539,上限超え
FN,2025-11-04,SMH,0.0375,0.0739,0.0991,0.1171,上限超え
FN,2026-02-03,SMH,-0.1022,-0.077,-0.1533,-0.0897,上限超え
FN,2026-05-05,SMH,-0.0801,-0.1115,-0.0539,-0.1387,上限超え
FN,2026-08-18,SMH,-0.1938,-0.1529,-0.2406,-0.1848,上限超え
LITE,2025-11-05,SMH,0.2357,0.2166,0.2725,0.2772,
LITE,2026-02-04,SMH,0.07,0.1093,0.1593,0.2011,
LITE,2026-05-06,SMH,-0.0506,-0.1023,-0.1025,-0.1358,
LITE,2026-08-12,SMH,0.1363,0.1156,0.0729,0.0446,
COHR,2025-11-06,SMH,0.1832,0.2066,0.1477,0.1793,
COHR,2026-02-05,SMH,-0.0083,-0.0059,0.0791,0.0277,
COHR,2026-05-07,SMH,-0.0739,-0.0564,-0.0273,-0.0578,
COHR,2026-08-13,SMH,-0.0799,-0.0872,-0.0838,-0.0889,
AAOI,2025-11-07,SMH,-0.0182,-0.0098,-0.1265,-0.1484,
AAOI,2026-02-27,SMH,0.5688,0.5825,0.9093,0.9229,
AAOI,2026-05-08,SMH,-0.0546,-0.1036,0.1736,0.1066,
AAOI,2026-08-07,SMH,0.0919,0.0722,0.0692,0.0728,
5803.T,2025-11-07,^N225,-0.0516,-0.0396,-0.0472,-0.0477,上方修正
5803.T,2026-02-09,^N225,-0.0196,-0.0585,0.0297,-0.0329,上方修正
5803.T,2026-05-14,^N225,-0.191,-0.1812,-0.2592,-0.2298,期初予想(+11.8%)・中計
5803.T,2026-08-07,^N225,0.1282,0.1293,0.2141,0.1945,上方修正(+39%)
5802.T,2025-10-31,^N225,0.0662,0.0451,0.144,0.1406,上方修正・増配
5802.T,2026-02-03,^N225,0.1251,0.0858,0.1512,0.1201,上方修正
5802.T,2026-05-12,^N225,0.0393,0.034,0.1396,0.1259,期初予想・中計
5802.T,2026-07-31,^N225,0.0353,-0.005,-0.0223,-0.0528,上方修正(+6%)
6834.T,2025-11-14,^N225,0.2248,0.2425,0.2302,0.2489,上方修正
6834.T,2026-02-16,^N225,0.1957,0.1981,0.1347,0.1413,上方修正
6834.T,2026-05-15,^N225,-0.1745,-0.1547,-0.1543,-0.125,期初予想(+7%)
6834.T,2026-08-12,^N225,0.1248,0.1166,0.1761,0.1561,上方修正
